Country,Population_M,GDP_B_USD,IT_Market_M_USD,Cybersecurity_Spending_M_USD,Banks_Count,Insurance_Companies,SMEs_Count,Internet_Penetration_Pct,Mobile_Penetration_Pct,TAM_M_USD,SAM_M_USD,SOM_M_USD,Revenue_Per_Capita,Growth_Score,Compliance_Maturity,Maturity_Score,Attractiveness_Score
Morocco,38.1,154.4,3860.8,115.8,32,26,152324,88.1,132.8,17.6124,7.0449600000000006,1.0567440000000001,3.0393700787401574,99.38370078740157,High,10,97.62
Tunisia,12.3,53.4,1335.2,40.1,26,22,49108,74.3,130.2,6.8708,2.74832,0.412248,3.2601626016260163,93.93162601626017,High,10,74.91758010056623
Cote_Ivoire,31.9,86.5,2163.5,64.9,29,32,127736,47.0,142.3,15.183600000000002,6.0734400000000015,0.9110160000000002,2.03448275862069,77.4048275862069,Low,4,66.6283641208625
Senegal,18.5,32.3,806.7,24.2,29,30,74007,58.2,115.5,9.7507,3.9002800000000004,0.5850420000000001,1.308108108108108,68.14108108108108,Medium,7,62.817901175367
Cameroon,29.1,51.3,1283.2,38.5,19,30,116494,38.5,89.7,13.4994,5.399760000000001,0.809964,1.3230240549828178,52.220240549828176,Low,4,54.45736126236296
Burkina_Faso,23.5,23.3,581.3,17.4,16,17,94195,24.5,110.8,10.7295,4.2918,0.6437700000000001,0.7404255319148936,44.914255319148936,Medium,7,50.73387756704696
